Deployment ID,Target distance,Target site,Target height
,m,,m asl
351,5032.61924896,NTT,112.0
352,5032.61924896,NTT,117.0
353,4420.3177868,NGT,79.0
357,4420.3177868,NGT,79.0
